"ID","Description","GeneRatio","BgRatio","pvalue","p.adjust","qvalue","geneID","Count"
"cld00230","Purine metabolism","6/26","44/1051",0.00046714942645704,0.011678735661426,0.0113099334826441,"CLSPO_c34160/CLSPO_c03220/CLSPO_c09910/CLSPO_c20130/CLSPO_c24950/CLSPO_c38100",6
"cld00330","Arginine and proline metabolism","4/26","23/1051",0.00189737505817261,0.0237171882271576,0.0229682243884052,"CLSPO_c17970/CLSPO_c25610/CLSPO_c25730/CLSPO_c37590",4
