"ID","Description","GeneRatio","BgRatio","pvalue","p.adjust","qvalue","geneID","Count"
"efi03030","DNA replication","1/1","15/936",0.0160256410256409,0.0202991452991453,NA,"OG1RF_10777",1
"efi03430","Mismatch repair","1/1","18/936",0.0192307692307692,0.0202991452991453,NA,"OG1RF_10777",1
"efi03440","Homologous recombination","1/1","19/936",0.0202991452991453,0.0202991452991453,NA,"OG1RF_10777",1
